Date,CumCases,CumDeaths,CumVaccinations
03/11/2022,3285552,,
02/11/2022,3280798,,7073958
01/11/2022,3280798,,7073840
31/10/2022,3280798,25175,7073706
30/10/2022,3280798,25172,7073617
29/10/2022,3280798,25167,7073356
28/10/2022,3280798,25155,7072878
27/10/2022,3280798,25142,7072586
26/10/2022,3274043,25125,7072200
25/10/2022,3274043,25120,7071921
24/10/2022,3274043,25096,7071644
23/10/2022,3274043,25078,7071352
22/10/2022,3274043,25063,7071146
21/10/2022,3274043,25050,7070724
20/10/2022,3274043,25017,7070559
19/10/2022,3264230,24988,7070355
18/10/2022,3264230,24969,7070191
17/10/2022,3264230,24945,7070023
16/10/2022,3264230,24922,7069850
15/10/2022,3264230,24894,7069569
14/10/2022,3264230,24876,7069049
13/10/2022,3264230,24854,7068866
12/10/2022,3253317,24836,7068646
11/10/2022,3253317,24812,7068462
10/10/2022,3253317,24795,7068306
09/10/2022,3253317,24774,7068129
08/10/2022,3253317,24759,7067838
07/10/2022,3253317,24747,7067259
06/10/2022,3253317,24732,7067061
05/10/2022,3242522,24716,7066854
04/10/2022,3242522,24694,7066666
03/10/2022,3242522,24672,7066510
02/10/2022,3242522,24657,7066363
01/10/2022,3242522,24645,7066085
30/09/2022,3242522,24637,7065607
29/09/2022,3242522,24625,7065409
28/09/2022,3233909,24617,7065186
27/09/2022,3233909,24602,7064982
26/09/2022,3233909,24595,7064843
25/09/2022,3233909,24584,7064696
24/09/2022,3233909,24577,7064497
23/09/2022,3233909,24572,7064053
22/09/2022,3233909,24564,7063890
21/09/2022,3227924,24557,7063706
20/09/2022,3227924,24550,7063534
19/09/2022,3227924,24544,7063377
18/09/2022,3227924,24534,7063319
17/09/2022,3227924,24528,7063029
16/09/2022,3227924,24524,7062544
15/09/2022,3227924,24517,7062330
14/09/2022,3223144,24504,7062113
13/09/2022,3223144,24499,7061942
12/09/2022,3223144,24487,7061751
11/09/2022,3223144,24484,7061541
10/09/2022,3223144,24477,7061441
09/09/2022,3223144,24469,7061082
08/09/2022,3223144,24463,7060978
07/09/2022,3218316,24453,7060892
06/09/2022,3218316,24444,7060806
05/09/2022,3218316,24436,7060649
04/09/2022,3218316,24431,7060541
03/09/2022,3218316,24416,7060340
02/09/2022,3218316,24409,7059910
01/09/2022,3218316,24396,7059730
31/08/2022,3218316,24389,7059493
30/08/2022,3213989,24374,7059155
29/08/2022,3213989,24370,7058829
28/08/2022,3213989,24362,7058702
27/08/2022,3213989,24347,7058559
26/08/2022,3213989,24342,7058084
25/08/2022,3213989,24335,7057739
24/08/2022,3213989,24327,7057418
23/08/2022,3209341,24320,7057127
22/08/2022,3209341,24312,7056773
21/08/2022,3209341,24303,7056439
20/08/2022,3209341,24293,7056213
19/08/2022,3209341,24279,7055511
18/08/2022,3209341,24266,7055195
17/08/2022,3209341,24251,7054865
16/08/2022,3203328,24239,7054563
15/08/2022,3203328,24224,7054260
14/08/2022,3203328,24212,7053908
13/08/2022,3203328,24203,7053662
12/08/2022,3203328,24189,7052854
11/08/2022,3203328,24168,7052506
10/08/2022,3203328,24156,7052089
09/08/2022,3196012,24140,7051760
08/08/2022,3196012,24126,7051457
07/08/2022,3196012,24110,7051026
06/08/2022,3196012,24098,7050602
05/08/2022,3196012,24084,7049791
04/08/2022,3196012,24065,7049222
03/08/2022,3196012,24054,7048690
02/08/2022,3187019,24038,7048279
01/08/2022,3187019,24015,7047832
31/07/2022,3187019,23996,7047281
30/07/2022,3187019,23974,7046850
29/07/2022,3187019,23951,7045634
28/07/2022,3187019,23937,7044957
27/07/2022,3187019,23907,7044249
26/07/2022,3173523,23878,7043675
25/07/2022,3173523,23853,7042921
24/07/2022,3173523,23837,7042039
23/07/2022,3173523,23802,7041429
22/07/2022,3173523,23780,7039629
21/07/2022,3173523,23766,7038619
20/07/2022,3173523,23752,7037695
19/07/2022,3152816,23728,7037142
18/07/2022,3152816,23676,7036575
17/07/2022,3152816,23652,7036047
16/07/2022,3152816,23620,7035413
15/07/2022,3152816,23598,7033140
14/07/2022,3152816,23576,7032233
13/07/2022,3152816,23557,7031434
12/07/2022,3123063,23533,7030690
11/07/2022,3123063,23514,7029916
10/07/2022,3123063,23494,7029158
09/07/2022,3123063,23467,7028420
08/07/2022,3123063,23441,7026193
07/07/2022,3123063,23426,7025300
06/07/2022,3123063,23407,7024482
05/07/2022,3101004,23388,7023697
04/07/2022,3101004,23371,7022858
03/07/2022,3101004,23356,7021992
02/07/2022,3101004,23344,7021265
01/07/2022,3101004,23332,7019115
30/06/2022,3097277,23317,7018234
29/06/2022,3093333,23304,7017462
28/06/2022,3089417,23289,7016807
27/06/2022,3085413,23282,7016071
26/06/2022,3076372,23273,7015381
25/06/2022,3076372,23260,7014750
24/06/2022,3076372,23251,7012981
23/06/2022,3073220,23246,7012321
22/06/2022,3069947,23240,7011742
21/06/2022,3066825,23228,7011176
20/06/2022,3063738,23221,7010652
19/06/2022,3056843,23209,7010059
18/06/2022,3056843,23201,7009613
17/06/2022,3056843,23193,7007995
16/06/2022,3054552,23180,7007456
15/06/2022,3052324,23174,7006906
14/06/2022,3049754,23166,7006404
13/06/2022,3047353,23157,7005776
12/06/2022,3042044,23152,7005261
11/06/2022,3042044,23149,7004658
10/06/2022,3042044,23142,7002876
09/06/2022,3040425,23132,7002224
08/06/2022,3038618,23128,7001714
07/06/2022,3036802,23122,7001152
06/06/2022,3034883,23121,7000512
05/06/2022,3029183,23111,6999960
04/06/2022,3029183,23105,6999702
03/06/2022,3029183,23098,6998913
02/06/2022,3029183,23095,6998649
01/06/2022,3029183,23088,6998293
31/05/2022,3028157,23086,6997139
30/05/2022,3027119,23078,6995967
29/05/2022,3024650,23072,6994844
28/05/2022,3024650,23070,6994223
27/05/2022,3024650,23061,6992284
26/05/2022,3023762,23052,6991602
25/05/2022,3022834,23048,6990881
24/05/2022,3021815,23041,6990263
23/05/2022,3020742,23037,6989743
22/05/2022,3018208,23030,6989206
21/05/2022,3018208,23019,6988609
20/05/2022,3018208,23011,6986497
19/05/2022,3017203,23002,6985674
18/05/2022,3016055,22996,6984956
17/05/2022,3014786,22991,6984267
16/05/2022,3013542,22979,6983643
15/05/2022,3010583,22969,6982945
14/05/2022,3010583,22958,6982215
13/05/2022,3010583,22950,6979781
12/05/2022,3009485,22935,6978861
11/05/2022,3007953,22922,6977857
10/05/2022,3006637,22913,6976839
09/05/2022,3005196,22893,6975982
08/05/2022,3001539,22874,6975098
07/05/2022,3001539,22852,6974068
06/05/2022,3001539,22834,6971415
05/05/2022,3000049,22810,6970127
04/05/2022,2998373,22787,6969182
03/05/2022,2995928,22774,6968080
02/05/2022,2991244,22759,6967027
01/05/2022,2991244,22743,6966556
30/04/2022,2991244,22729,6965697
29/04/2022,2991244,22711,6962651
28/04/2022,2989703,22693,6961316
27/04/2022,2987857,22675,6960177
26/04/2022,2983525,22653,6958992
25/04/2022,2983525,22622,6958063
24/04/2022,2977635,22593,6957095
23/04/2022,2977635,22564,6955799
22/04/2022,2977635,22534,6952648
21/04/2022,2975044,22505,6951094
20/04/2022,2971931,22476,6949376
19/04/2022,2968504,22442,6947877
18/04/2022,2952546,22418,6946357
17/04/2022,2952546,22376,6945824
16/04/2022,2952546,22341,6945392
15/04/2022,2952546,22300,6943446
14/04/2022,2952546,22267,6942584
13/04/2022,2947731,22229,6940859
12/04/2022,2942488,22196,6939140
11/04/2022,2936774,22154,6937664
10/04/2022,2922901,22115,6936092
09/04/2022,2922901,22068,6934789
08/04/2022,2922901,22031,6931837
07/04/2022,2916641,21979,6930287
06/04/2022,2909670,21932,6928730
05/04/2022,2901950,21888,6927355
04/04/2022,2894303,21841,6926216
03/04/2022,2871988,21807,6924917
02/04/2022,2871988,21767,6923536
01/04/2022,2871988,21734,6920766
31/03/2022,2861188,21697,6919446
30/03/2022,2849519,21663,6917575
29/03/2022,2835895,21624,6915806
28/03/2022,2824161,21592,6914301
27/03/2022,2789767,21564,6912956
26/03/2022,2789767,21532,6911824
25/03/2022,2789767,21502,6908286
24/03/2022,2778114,21479,6906550
23/03/2022,2763061,21448,6904821
22/03/2022,2746725,21416,6902914
21/03/2022,2732030,21388,6901242
20/03/2022,2694604,21371,6899671
19/03/2022,2694604,21345,6898034
18/03/2022,2694604,21324,6894474
17/03/2022,2680985,21289,6892493
16/03/2022,2665318,21260,6890503
15/03/2022,2648845,21229,6888184
14/03/2022,2635771,21207,6886412
13/03/2022,2600648,21172,6885019
12/03/2022,2600648,21146,6883246
11/03/2022,2600648,21132,6879583
10/03/2022,2588556,21108,6877537
09/03/2022,2577192,21085,6874927
08/03/2022,2566083,21061,6872684
07/03/2022,2557205,21031,6870841
06/03/2022,2536533,21008,6869178
05/03/2022,2536533,20993,6867637
04/03/2022,2536533,20975,6864462
03/03/2022,2530159,20958,6862274
02/03/2022,2523211,20933,6860005
01/03/2022,2516447,20904,6857931
28/02/2022,2511119,20885,6855815
27/02/2022,2498499,20866,6853515
26/02/2022,2498499,20850,6851869
25/02/2022,2498499,20822,6848476
24/02/2022,2493688,20798,6846467
23/02/2022,2487877,20778,6844270
22/02/2022,2481383,20747,6841770
21/02/2022,2475473,20725,6839664
20/02/2022,2469007,20699,6837626
19/02/2022,2464321,20673,6836355
18/02/2022,2457892,20645,6832727
17/02/2022,2450104,20620,6831882
16/02/2022,2441610,20598,6828508
15/02/2022,2432221,20576,6825247
14/02/2022,2424647,20548,6822449
13/02/2022,2417872,20524,6820302
12/02/2022,2410863,20494,6818741
11/02/2022,2403180,20463,6814631
10/02/2022,2393445,20438,6810503
09/02/2022,2382208,20407,6806272
08/02/2022,2369896,20378,6802182
07/02/2022,2358237,20347,6798705
06/02/2022,2347934,20322,6794962
05/02/2022,2337339,20292,6792830
04/02/2022,2326102,20261,6788307
03/02/2022,2311516,20244,6784078
02/02/2022,2294964,20216,6779774
01/02/2022,2278579,20186,6775430
31/01/2022,2258328,20152,6770974
30/01/2022,2149214,20121,6767539
29/01/2022,2136445,20091,6764009
28/01/2022,2122698,20067,6757974
27/01/2022,2106874,20035,6752200
26/01/2022,2089868,20003,6747184
25/01/2022,2072632,19979,6741964
24/01/2022,2056258,19959,6737342
23/01/2022,2041538,19928,6732290
22/01/2022,2028512,19911,6728443
21/01/2022,2015656,19880,6721763
20/01/2022,2000476,19850,6715934
19/01/2022,1984400,19818,6709451
18/01/2022,1968074,19790,6704598
17/01/2022,1954335,19763,6699536
16/01/2022,1942264,19731,6695049
15/01/2022,1931400,19696,6691027
14/01/2022,1920480,19660,6683742
13/01/2022,1907801,19639,6678914
12/01/2022,1894049,19611,6672048
11/01/2022,1879443,19579,6666887
10/01/2022,1868477,19553,6662237
09/01/2022,1855785,19533,6657501
08/01/2022,1840046,19508,6653325
07/01/2022,1821089,19481,6646389
06/01/2022,1798452,19452,6641970
05/01/2022,1778506,19435,6637373
04/01/2022,1757699,19414,6632678
03/01/2022,1739167,19395,6627326
02/01/2022,1721972,19381,6622503
01/01/2022,1705939,19366,6619728
31/12/2021,1682831,19348,6619209
30/12/2021,1657051,19328,6615410
29/12/2021,1635993,19313,6608950
28/12/2021,1616144,19300,6602496
27/12/2021,1599908,19284,6597669
26/12/2021,1586601,19267,6594241
25/12/2021,1568182,19257,6594049
24/12/2021,1551131,19241,6594017
23/12/2021,1533493,19227,6592069
22/12/2021,1516875,19212,6585698
21/12/2021,1500195,19199,6577916
20/12/2021,1486442,19187,6571003
19/12/2021,1473257,19178,6564732
18/12/2021,1459917,19170,6559085
17/12/2021,1446154,19156,6552412
16/12/2021,1431195,19144,6546724
15/12/2021,1417627,19129,6541549
14/12/2021,1405604,19115,6536391
13/12/2021,1396527,19094,6532007
12/12/2021,1387313,19082,6528084
11/12/2021,1379855,19075,6524196
10/12/2021,1370863,19064,6518198
09/12/2021,1361249,19053,6513889
08/12/2021,1352421,19032,6509134
07/12/2021,1343442,19021,6505074
06/12/2021,1335009,19010,6501351
05/12/2021,1327103,18994,6497882
04/12/2021,1319229,18980,6493991
03/12/2021,1310922,18965,6487825
02/12/2021,1301852,18947,6483319
01/12/2021,1291394,18932,6478973
30/11/2021,1281916,18919,6474382
29/11/2021,1274383,18903,6469940
28/11/2021,1267126,18895,6466057
27/11/2021,1260330,18882,6461966
26/11/2021,1252651,18871,6455825
25/11/2021,1243326,18855,6451892
24/11/2021,1235172,18844,6448236
23/11/2021,1228009,18827,6444911
22/11/2021,1220745,18814,6441853
21/11/2021,1213869,18802,6439444
20/11/2021,1206406,18793,6437567
19/11/2021,1199128,18780,6434026
18/11/2021,1190561,18766,6431278
17/11/2021,1183047,18753,6428587
16/11/2021,1178031,18737,6426000
15/11/2021,1172428,18721,6423891
14/11/2021,1166162,18705,6421774
13/11/2021,1160592,18692,6420199
12/11/2021,1154748,18676,6416362
11/11/2021,1148487,18662,6413856
10/11/2021,1141995,18653,6411178
09/11/2021,1136522,18638,6408225
08/11/2021,1131923,18624,6405652
07/11/2021,1127355,18605,6403230
06/11/2021,1123165,18585,6401578
05/11/2021,1118950,18565,6397724
04/11/2021,1114341,18544,6394938
03/11/2021,1109190,18530,6392484
02/11/2021,1103193,18519,6389887
01/11/2021,1098275,18500,6387382
31/10/2021,1092753,18476,6384966
30/10/2021,1087158,18456,6383350
29/10/2021,1081036,18436,6379519
28/10/2021,1074612,18420,6376693
27/10/2021,1068329,18399,6373582
26/10/2021,1061883,18384,6370306
25/10/2021,1056402,18370,6367110
24/10/2021,1050144,18359,6364428
23/10/2021,1043894,18349,6362477
22/10/2021,1036529,18336,6357854
21/10/2021,1029182,18328,6354776
20/10/2021,1021478,18318,6351631
19/10/2021,1014051,18304,6348429
18/10/2021,1007553,18291,6344870
17/10/2021,1000641,18281,6341675
16/10/2021,993774,18271,6339348
15/10/2021,987500,18266,6334426
14/10/2021,981483,18252,6330945
13/10/2021,975570,18239,6327369
12/10/2021,969804,18230,6323922
11/10/2021,964808,18225,6320014
10/10/2021,959436,18215,6316487
09/10/2021,954544,18207,6313571
08/10/2021,949762,18200,6308538
07/10/2021,945057,18194,6304913
06/10/2021,940342,18182,6301122
05/10/2021,935244,18173,6297070
04/10/2021,930603,18166,6293638
03/10/2021,926023,18157,6289802
02/10/2021,922250,18148,6287013
01/10/2021,918720,18143,6281804
30/09/2021,915572,18138,6277754
29/09/2021,911088,18133,6272520
28/09/2021,906920,18121,6267477
27/09/2021,902082,18112,6262333
26/09/2021,897764,18103,6257460
25/09/2021,894654,18095,6254257
24/09/2021,891203,18087,6247131
23/09/2021,887094,18075,6239788
22/09/2021,883055,18065,6232928
21/09/2021,879183,18058,6226479
20/09/2021,875787,18043,6219870
19/09/2021,871951,18036,6212403
18/09/2021,868926,18031,6207805
17/09/2021,866106,18020,6195073
16/09/2021,863076,18005,6186529
15/09/2021,859741,17996,6176563
14/09/2021,856823,17984,6167503
13/09/2021,854302,17980,6158381
12/09/2021,851588,17969,6149536
11/09/2021,848889,17960,6143018
10/09/2021,845812,17943,6128289
09/09/2021,842394,17932,6114878
08/09/2021,838868,17915,6100663
07/09/2021,834726,17901,6087369
06/09/2021,831037,17885,6075516
05/09/2021,827241,17868,6064285
04/09/2021,822834,17854,6052929
03/09/2021,818153,17838,6032268
02/09/2021,813679,17825,6015244
01/09/2021,808864,17821,5998698
31/08/2021,805081,17816,5981276
30/08/2021,802251,17808,5962188
29/08/2021,798994,17800,5953459
28/08/2021,795795,17790,5942019
27/08/2021,792084,17778,5921778
26/08/2021,788197,17768,5902333
25/08/2021,783633,17758,5881358
24/08/2021,779640,17747,5860365
23/08/2021,776178,17734,5839128
22/08/2021,772583,17723,5822038
21/08/2021,768370,17711,5807065
20/08/2021,764096,17704,5775459
19/08/2021,759477,17694,5750531
18/08/2021,754806,17686,5723594
17/08/2021,750295,17676,5700934
16/08/2021,746904,17656,5680565
15/08/2021,743558,17648,5662245
14/08/2021,739795,17641,5646266
13/08/2021,735838,17640,5613655
12/08/2021,731411,17635,5589910
11/08/2021,727143,17630,5561375
10/08/2021,723643,17623,5537431
09/08/2021,720695,17622,5516183
08/08/2021,717629,17617,5496832
07/08/2021,714284,17612,5478551
06/08/2021,710668,17606,5445130
05/08/2021,706723,17593,5421891
04/08/2021,703208,17586,5397314
03/08/2021,699588,17583,5375960
02/08/2021,696910,17573,5355848
01/08/2021,694419,17564,5338606
31/07/2021,691507,17559,5325622
30/07/2021,688293,17551,5295723
29/07/2021,684875,17544,5271784
28/07/2021,681160,17532,5247864
27/07/2021,677803,17522,5227062
26/07/2021,675137,17519,5208805
25/07/2021,672287,17512,5189911
24/07/2021,668903,17503,5174591
23/07/2021,665452,17498,5141442
22/07/2021,660919,17492,5111256
21/07/2021,655883,17490,5086976
20/07/2021,650689,17485,5061533
19/07/2021,644317,17482,5035799
18/07/2021,639772,17476,5016722
17/07/2021,634115,17475,4998900
16/07/2021,627769,17471,4962408
15/07/2021,621575,17468,4931199
14/07/2021,615685,17462,4902264
13/07/2021,611035,17460,4874956
12/07/2021,606908,17458,4852835
11/07/2021,602914,17454,4832514
10/07/2021,599534,17453,4817426
09/07/2021,596174,17451,4785792
08/07/2021,593090,17447,4761689
07/07/2021,590284,17444,4739537
06/07/2021,587209,17443,4720679
05/07/2021,584107,17442,4702107
04/07/2021,581475,17437,4682333
03/07/2021,579043,17436,4666937
02/07/2021,576685,17434,4634190
01/07/2021,574240,17433,4608773
30/06/2021,571515,17431,4581855
29/06/2021,569245,17431,4561099
28/06/2021,567334,17431,4543303
27/06/2021,565266,17431,4526906
26/06/2021,564047,17431,4513934
25/06/2021,562560,17430,4480938
24/06/2021,561323,17426,4459572
23/06/2021,560092,17425,4438960
22/06/2021,558974,17425,4418273
21/06/2021,558157,17424,4398799
20/06/2021,557339,17424,4382198
19/06/2021,556610,17423,4368883
18/06/2021,555808,17422,4336115
17/06/2021,554926,17421,4305534
16/06/2021,554034,17420,4273581
15/06/2021,553258,17420,4242743
14/06/2021,552673,17419,4212871
13/06/2021,552066,17419,4185068
12/06/2021,551496,17416,4162015
11/06/2021,550910,17416,4114361
10/06/2021,550325,17416,4070875
09/06/2021,549674,17412,4027439
08/06/2021,549168,17412,3983257
07/06/2021,548703,17410,3942528
06/06/2021,548158,17410,3898947
05/06/2021,547732,17408,3864992
04/06/2021,547247,17408,3794720
03/06/2021,546684,17406,3738262
02/06/2021,546244,17406,3679929
01/06/2021,545867,17406,3631125
31/05/2021,545522,17406,3581452
30/05/2021,545211,17406,3552260
29/05/2021,544978,17406,3517148
28/05/2021,544646,17406,3446867
27/05/2021,544308,17405,3381239
26/05/2021,543998,17404,3323331
25/05/2021,543748,17404,3267706
24/05/2021,543516,17403,3211224
23/05/2021,543284,17403,3166397
22/05/2021,543152,17402,3128045
21/05/2021,542993,17402,3034675
20/05/2021,542796,17402,2967553
19/05/2021,542631,17401,2909005
18/05/2021,542523,17401,2859436
17/05/2021,543185,17401,2820532
16/05/2021,543021,17401,2785718
15/05/2021,542897,17401,2757826
14/05/2021,542734,17401,2692679
13/05/2021,542545,17401,2637845
12/05/2021,542315,17401,2569826
11/05/2021,542186,17401,2503502
10/05/2021,541958,17399,2457514
09/05/2021,541730,17399,2431513
08/05/2021,541594,17398,2407573
07/05/2021,541412,17396,2329723
06/05/2021,541197,17394,2261378
05/05/2021,540945,17392,2197175
04/05/2021,540750,17392,2143360
03/05/2021,540556,17391,2110443
02/05/2021,540374,17391,2089984
01/05/2021,540229,17388,2063370
30/04/2021,540073,17387,2001732
29/04/2021,539814,17385,1936476
28/04/2021,539564,17383,1861528
27/04/2021,539336,17383,1802675
26/04/2021,539034,17382,1757098
25/04/2021,538809,17382,1717955
24/04/2021,538645,17382,1681488
23/04/2021,538448,17380,1595008
22/04/2021,538127,17379,1529045
21/04/2021,537870,17378,1473497
20/04/2021,537661,17376,1422868
19/04/2021,537376,17375,1379615
18/04/2021,537049,17372,1350124
17/04/2021,536869,17371,1321705
16/04/2021,536612,17371,1241265
15/04/2021,536376,17371,1171648
14/04/2021,536105,17370,1120776
13/04/2021,535892,17369,1082176
12/04/2021,535660,17366,1047916
11/04/2021,535298,17363,1027216
10/04/2021,535187,17362,1005578
09/04/2021,534972,17361,931391
08/04/2021,536002,17361,866645
07/04/2021,535681,17355,805626
06/04/2021,535459,17353,747211
05/04/2021,535241,17351,724258
04/04/2021,535055,17349,717777
03/04/2021,534843,17344,714714
02/04/2021,534607,17340,690371
01/04/2021,534285,17335,657336
31/03/2021,533882,17332,597680
30/03/2021,533519,17325,546221
29/03/2021,533164,17319,508277
28/03/2021,532726,17315,487409
27/03/2021,532347,17312,471086
26/03/2021,531992,17309,432456
25/03/2021,531431,17304,394735
24/03/2021,530891,17301,353746
23/03/2021,530474,17297,316576
22/03/2021,530019,17293,289645
21/03/2021,529497,17285,277082
20/03/2021,529085,17282,270175
19/03/2021,528669,17276,260320
18/03/2021,528246,17262,246259
17/03/2021,527725,17254,229115
16/03/2021,527218,17250,213608
15/03/2021,526760,17240,203182
14/03/2021,526279,17226,198050
13/03/2021,525968,17213,195480
12/03/2021,525462,17201,187221
11/03/2021,524797,17189,173653
10/03/2021,524207,17172,163414
09/03/2021,523742,17162,150763
08/03/2021,523263,17144,142057
07/03/2021,522850,17130,137600
06/03/2021,522389,17118,136075
05/03/2021,521839,17102,132927
04/03/2021,521299,17081,128670
03/03/2021,520743,17057,120756
02/03/2021,520253,17037,112267
01/03/2021,519448,17011,105630
28/02/2021,518936,16980,103939
27/02/2021,518446,16959,102581
26/02/2021,517766,16926,100443
25/02/2021,517011,16904,97884
24/02/2021,516017,16869,95026
23/02/2021,515074,16835,92479
22/02/2021,514233,16797,90761
21/02/2021,513238,16753,89288
20/02/2021,512127,16711,89056
19/02/2021,511141,16663,88853
18/02/2021,510066,16619,88263
17/02/2021,508806,16562,87594
16/02/2021,507562,16508,86799
15/02/2021,506557,16452,86109
14/02/2021,505509,16380,85935
13/02/2021,504571,16311,85769
12/02/2021,503160,16250,85240
11/02/2021,501385,16184,84017
10/02/2021,500184,16108,82973
09/02/2021,498782,16022,82154
08/02/2021,497446,15946,81499
07/02/2021,495919,15848,80999
06/02/2021,494173,15769,80958
05/02/2021,492042,15658,80841
04/02/2021,489657,15551,80380
03/02/2021,487042,15463,79944
02/02/2021,484712,15334,79361
01/02/2021,482802,15207,79062
31/01/2021,480452,15049,78795
30/01/2021,477908,14910,78536
29/01/2021,474976,14751,78073
28/01/2021,470904,14584,77667
27/01/2021,466817,14379,77342
26/01/2021,463387,14175,77214
25/01/2021,460967,13973,77096
24/01/2021,457907,13759,76898
23/01/2021,453254,13572,76713
22/01/2021,448917,13341,76589
21/01/2021,442479,13108,76488
20/01/2021,437492,12882,76331
19/01/2021,432008,12656,76184
18/01/2021,427420,12371,75978
17/01/2021,421975,12097,75751
16/01/2021,415842,11842,75700
15/01/2021,409553,11592,75590
14/01/2021,400612,11362,75207
13/01/2021,393375,11120,74159
12/01/2021,386605,10885,71649
11/01/2021,379643,10624,69448
10/01/2021,372951,10423,66981
09/01/2021,364574,10232,59885
08/01/2021,354426,10057,46064
07/01/2021,343670,9853,34163
06/01/2021,335447,9662,22820
05/01/2021,325880,9467,11496
04/01/2021,314987,9307,5105
03/01/2021,305412,9141,3996
02/01/2021,296390,9002,3523
01/01/2021,288041,8863,2877
31/12/2020,277197,8745,2813
30/12/2020,267426,8604,2341
29/12/2020,259286,8459,1865
28/12/2020,250400,8338,1493
27/12/2020,243810,8215,1491
26/12/2020,238798,8081,1491
25/12/2020,231649,7969,1489
24/12/2020,225325,7848,1488
23/12/2020,218415,7749,1488
22/12/2020,212429,7646,1482
21/12/2020,206209,7547,1475
20/12/2020,200687,7436,1466
19/12/2020,193567,7351,1453
18/12/2020,188801,7273,1451
17/12/2020,183786,7209,1429
16/12/2020,179042,7127,1415
15/12/2020,174645,7053,1402
14/12/2020,171523,6984,1399
13/12/2020,167725,6917,1394
12/12/2020,164264,6849,1377
11/12/2020,160787,6795,1375
10/12/2020,157546,6727,1366
09/12/2020,154101,6678,1356
08/12/2020,151860,6623,1331
07/12/2020,149916,6560,
06/12/2020,147747,6523,
05/12/2020,145150,6478,
04/12/2020,143051,6434,
03/12/2020,140752,6378,
02/12/2020,138820,6322,
01/12/2020,136610,6278,
30/11/2020,134734,6230,
29/11/2020,132839,6197,
28/11/2020,131271,6148,
27/11/2020,129353,6112,
26/11/2020,127553,6073,
25/11/2020,125508,6025,
24/11/2020,123144,5972,
23/11/2020,121930,5934,
22/11/2020,119931,5889,
21/11/2020,117481,5848,
20/11/2020,115208,5816,
19/11/2020,113501,5784,
18/11/2020,110974,5747,
17/11/2020,109190,5705,
16/11/2020,107164,5675,
15/11/2020,107069,5641,
14/11/2020,104417,5604,
13/11/2020,101307,5573,
12/11/2020,98663,5545,
11/11/2020,95357,5519,
10/11/2020,93146,5494,
09/11/2020,91453,5469,
08/11/2020,89388,5436,
07/11/2020,87889,5414,
06/11/2020,85810,5394,
05/11/2020,83897,5374,
04/11/2020,82127,5360,
03/11/2020,80293,5345,
02/11/2020,78851,5325,
01/11/2020,77226,5305,
31/10/2020,75612,5282,
30/10/2020,74216,5255,
29/10/2020,72322,5244,
28/10/2020,70898,5233,
27/10/2020,69021,5218,
26/10/2020,67579,5211,
25/10/2020,66238,5196,
24/10/2020,64902,5185,
23/10/2020,63340,5175,
22/10/2020,62092,5165,
21/10/2020,60903,5156,
20/10/2020,59194,5143,
19/10/2020,58204,5133,
18/10/2020,57153,5122,
17/10/2020,56294,5116,
16/10/2020,55353,5112,
15/10/2020,54539,5109,
14/10/2020,53456,5103,
13/10/2020,52290,5100,
12/10/2020,51370,5097,
11/10/2020,50760,5089,
10/10/2020,50340,5084,
09/10/2020,49588,5081,
08/10/2020,48655,5079,
07/10/2020,47664,5074,
06/10/2020,46815,5070,
05/10/2020,46156,5069,
04/10/2020,45496,5067,
03/10/2020,44375,5065,
02/10/2020,43823,5063,
01/10/2020,43551,5060,
30/09/2020,43283,5055,
29/09/2020,43058,5053,
28/09/2020,42745,5049,
27/09/2020,42594,5042,
26/09/2020,42319,5041,
25/09/2020,42146,5038,
24/09/2020,41847,5036,
23/09/2020,41521,5034,
22/09/2020,41274,5032,
21/09/2020,41087,5032,
20/09/2020,40908,5030,
19/09/2020,40798,5030,
18/09/2020,40635,5027,
17/09/2020,40504,5026,
16/09/2020,40368,5025,
15/09/2020,40208,5023,
14/09/2020,40056,5021,
13/09/2020,39935,5020,
12/09/2020,39819,5018,
11/09/2020,39603,5016,
10/09/2020,39378,5015,
09/09/2020,39179,5014,
08/09/2020,38957,5014,
07/09/2020,38733,5014,
06/09/2020,38537,5014,
05/09/2020,38411,5014,
04/09/2020,38265,5014,
03/09/2020,38127,5013,
02/09/2020,38030,5012,
01/09/2020,37927,5011,
31/08/2020,37800,5010,
30/08/2020,37685,5007,
29/08/2020,37562,5007,
28/08/2020,37473,5006,
27/08/2020,37373,5004,
26/08/2020,37280,5001,
25/08/2020,37213,5001,
24/08/2020,37084,4999,
23/08/2020,36978,4999,
22/08/2020,36874,4998,
21/08/2020,36775,4998,
20/08/2020,36679,4998,
19/08/2020,36597,4997,
18/08/2020,36534,4996,
17/08/2020,36458,4995,
16/08/2020,36397,4995,
15/08/2020,36298,4994,
14/08/2020,36230,4993,
13/08/2020,36083,4991,
12/08/2020,36083,4990,
11/08/2020,36015,4990,
10/08/2020,35952,4990,
09/08/2020,35904,4986,
08/08/2020,35849,4984,
07/08/2020,35781,4983,
06/08/2020,35723,4982,
05/08/2020,35670,4979,
04/08/2020,35639,4977,
03/08/2020,35593,4977,
02/08/2020,35539,4975,
01/08/2020,35482,4973,
31/07/2020,35410,4971,
30/07/2020,35360,4966,
29/07/2020,35284,4965,
28/07/2020,35205,4962,
27/07/2020,35167,4958,
26/07/2020,35096,4957,
25/07/2020,35016,4952,
24/07/2020,34943,4950,
23/07/2020,34873,4949,
22/07/2020,34789,4946,
21/07/2020,34734,4944,
20/07/2020,34694,4939,
19/07/2020,34635,4935,
18/07/2020,34585,4931,
17/07/2020,34498,4928,
16/07/2020,34455,4924,
15/07/2020,34391,4921,
14/07/2020,34347,4917,
13/07/2020,34305,4910,
12/07/2020,34247,4905,
11/07/2020,34183,4902,
10/07/2020,34090,4896,
09/07/2020,34029,4891,
08/07/2020,33980,4882,
07/07/2020,33917,4877,
06/07/2020,33863,4872,
05/07/2020,33819,4866,
04/07/2020,33776,4863,
03/07/2020,33705,4853,
02/07/2020,33650,4849,
01/07/2020,33587,4842,
30/06/2020,22850,4837,
29/06/2020,22821,4832,
28/06/2020,22803,4827,
27/06/2020,22783,4818,
26/06/2020,22764,4810,
25/06/2020,22734,4802,
24/06/2020,22668,4793,
23/06/2020,22640,4783,
22/06/2020,22599,4776,
21/06/2020,22581,4770,
20/06/2020,22548,4764,
19/06/2020,22499,4757,
18/06/2020,22464,4748,
17/06/2020,22403,4743,
16/06/2020,22377,4733,
15/06/2020,22354,4720,
14/06/2020,22308,4713,
13/06/2020,22272,4703,
12/06/2020,22217,4692,
11/06/2020,22179,4684,
10/06/2020,22125,4675,
09/06/2020,22090,4660,
08/06/2020,22013,4643,
07/06/2020,21997,4631,
06/06/2020,21951,4616,
05/06/2020,21859,4605,
04/06/2020,21823,4589,
03/06/2020,21763,4570,
02/06/2020,21679,4549,
01/06/2020,21631,4523,
31/05/2020,21597,4504,
30/05/2020,21545,4485,
29/05/2020,21467,4462,
28/05/2020,21405,4438,
27/05/2020,21339,4416,
26/05/2020,21235,4391,
25/05/2020,21172,4362,
24/05/2020,21092,4346,
23/05/2020,20982,4320,
22/05/2020,20816,4288,
21/05/2020,20637,4250,
20/05/2020,20510,4232,
19/05/2020,20414,4192,
18/05/2020,20328,4163,
17/05/2020,20225,4131,
16/05/2020,20071,4101,
15/05/2020,19935,4068,
14/05/2020,19776,4030,
13/05/2020,19606,3981,
12/05/2020,19449,3943,
11/05/2020,19344,3899,
10/05/2020,19237,3860,
09/05/2020,19119,3828,
08/05/2020,18932,3773,
07/05/2020,18696,3730,
06/05/2020,18509,3683,
05/05/2020,17999,3641,
04/05/2020,17756,3590,
03/05/2020,17537,3530,
02/05/2020,17324,3498,
01/05/2020,17095,3442,
30/04/2020,16831,3367,
29/04/2020,16559,3311,
28/04/2020,16323,3242,
27/04/2020,16128,3174,
26/04/2020,15810,3113,
25/04/2020,15453,3036,
24/04/2020,14974,2945,
23/04/2020,14412,2852,
22/04/2020,14053,2764,
21/04/2020,13656,2680,
20/04/2020,12878,2590,
19/04/2020,12563,2475,
18/04/2020,11885,2365,
17/04/2020,11471,2287,
16/04/2020,,2179,
15/04/2020,,2090,
14/04/2020,,2002,
13/04/2020,,1905,
12/04/2020,,1803,
11/04/2020,,1687,
10/04/2020,,1577,
09/04/2020,,1467,
08/04/2020,,1339,
07/04/2020,,1228,
06/04/2020,,1110,
05/04/2020,,1008,
04/04/2020,,905,
03/04/2020,,791,
02/04/2020,,708,
01/04/2020,,627,
31/03/2020,,544,
30/03/2020,,474,
29/03/2020,,401,
28/03/2020,,341,
27/03/2020,,299,
26/03/2020,,253,
25/03/2020,,208,
24/03/2020,,169,
23/03/2020,,139,
22/03/2020,,113,
21/03/2020,,86,
20/03/2020,,72,
19/03/2020,,57,
18/03/2020,,49,
17/03/2020,,36,
16/03/2020,,28,
15/03/2020,,20,
14/03/2020,,12,
13/03/2020,,9,
12/03/2020,,7,
11/03/2020,,7,
10/03/2020,,6,
09/03/2020,,5,
08/03/2020,,4,
07/03/2020,,3,
06/03/2020,,3,
05/03/2020,,3,
04/03/2020,,1,
03/03/2020,,1,
